{
  "round": 51,
  "running": false,
  "interval": 1.0,
  "pool_mode": "dataset",
  "weights": [
    0.2498528142480806,
    0.1508183806323807,
    0.14985986612160324,
    0.15022304178360069,
    0.14974808268180365,
    0.1494978145325311
  ],
  "last_reward": 1.918,
  "custom_params": {
    "alpha_q": 0.0,
    "gamma_q": 0.0,
    "delta_q": 0.0,
    "batch_size": 1,
    "user_sigma": 0.3,
    "qw_cos": 4.0,
    "qw_match": 2.0,
    "qw_fresh": 0.5,
    "qw_ctr": 0.5,
    "qw_lr": 5.0,
    "qw_awt": 2.0
  }
}