{
  "config1_cos0.20_tau0.5_beta1e-3_eta0.005_bs64": {
    "reward_mean": {
      "mean": 11.015216863333334,
      "std": 0.5029383621033853
    },
    "reward_std": {
      "mean": 0.9168713800258721,
      "std": 0.053122123946388905
    },
    "reward_cv": {
      "mean": 0.08336128258283887,
      "std": 0.005402435292427638
    },
    "w_cos": {
      "mean": 0.20000000000000004,
      "std": 2.7755575615628914e-17
    },
    "w_fresh": {
      "mean": 0.0,
      "std": 0.0
    },
    "w_lr": {
      "mean": 0.17054429333333335,
      "std": 0.0074266857855723465
    },
    "w_ctr": {
      "mean": 0.19547949,
      "std": 0.002183386218758986
    },
    "w_awt": {
      "mean": 0.22867600333333335,
      "std": 0.0026483701704046094
    },
    "w_social": {
      "mean": 0.20530021333333334,
      "std": 0.0032950231648182495
    },
    "global_ctr": {
      "mean": 0.15843486666666665,
      "std": 0.0010570946346892996
    },
    "global_lr": {
      "mean": 0.10537691333333332,
      "std": 0.003321597189609577
    },
    "global_awt": {
      "mean": 0.1351602133333333,
      "std": 0.005521298631338661
    }
  },
  "config2_cos0.20_tau0.3_beta1e-3_eta0.005_bs64": {
    "reward_mean": {
      "mean": 11.163419456666666,
      "std": 0.5334989074910584
    },
    "reward_std": {
      "mean": 0.9224855293675511,
      "std": 0.03102811509233782
    },
    "reward_cv": {
      "mean": 0.08269170071435915,
      "std": 0.001262672164188637
    },
    "w_cos": {
      "mean": 0.20000000000000004,
      "std": 2.7755575615628914e-17
    },
    "w_fresh": {
      "mean": 0.06330357666666665,
      "std": 0.011592165238362023
    },
    "w_lr": {
      "mean": 0.1679057433333333,
      "std": 0.004014906590929464
    },
    "w_ctr": {
      "mean": 0.18121774666666668,
      "std": 0.005523761300504899
    },
    "w_awt": {
      "mean": 0.19985962333333332,
      "std": 0.004589917845745047
    },
    "w_social": {
      "mean": 0.18771318,
      "std": 0.0052963060172224454
    },
    "global_ctr": {
      "mean": 0.15944907333333333,
      "std": 0.0018105382132455022
    },
    "global_lr": {
      "mean": 0.10618434666666667,
      "std": 0.003803578622265554
    },
    "global_awt": {
      "mean": 0.13542166333333333,
      "std": 0.006307739281244544
    }
  },
  "config3_cos0.25_tau0.5_beta1e-3_eta0.005_bs64": {
    "reward_mean": {
      "mean": 10.899478816666667,
      "std": 0.2906746404433231
    },
    "reward_std": {
      "mean": 0.799365052361413,
      "std": 0.025919779592872772
    },
    "reward_cv": {
      "mean": 0.07339309285970731,
      "std": 0.0031019136480580417
    },
    "w_cos": {
      "mean": 0.25,
      "std": 0.0
    },
    "w_fresh": {
      "mean": 0.0,
      "std": 0.0
    },
    "w_lr": {
      "mean": 0.16553228333333334,
      "std": 0.009234784222659933
    },
    "w_ctr": {
      "mean": 0.18698818000000003,
      "std": 0.002050793977755939
    },
    "w_awt": {
      "mean": 0.20292349333333334,
      "std": 0.01300726821714775
    },
    "w_social": {
      "mean": 0.19455602333333333,
      "std": 0.003321336583428759
    },
    "global_ctr": {
      "mean": 0.15922993333333335,
      "std": 0.0006023436019047281
    },
    "global_lr": {
      "mean": 0.10567418333333334,
      "std": 0.002988912615543578
    },
    "global_awt": {
      "mean": 0.13403242666666668,
      "std": 0.005816362943812534
    }
  },
  "config4_cos0.20_tau0.5_beta5e-3_eta0.005_bs128": {
    "reward_mean": {
      "mean": 11.811826143333334,
      "std": 0.5172165064271173
    },
    "reward_std": {
      "mean": 0.601153707876058,
      "std": 0.009524759760283736
    },
    "reward_cv": {
      "mean": 0.05096207741625386,
      "std": 0.0015853583800851457
    },
    "w_cos": {
      "mean": 0.20000000000000004,
      "std": 2.7755575615628914e-17
    },
    "w_fresh": {
      "mean": 0.0,
      "std": 0.0
    },
    "w_lr": {
      "mean": 0.18183301333333332,
      "std": 0.01112894716039911
    },
    "w_ctr": {
      "mean": 0.20482026666666667,
      "std": 0.004578976373014197
    },
    "w_awt": {
      "mean": 0.21267806999999997,
      "std": 0.0013811741703347916
    },
    "w_social": {
      "mean": 0.20066862333333332,
      "std": 0.005531310653038957
    },
    "global_ctr": {
      "mean": 0.17694216333333332,
      "std": 0.0019666015035136857
    },
    "global_lr": {
      "mean": 0.12697056666666667,
      "std": 0.004185379160779691
    },
    "global_awt": {
      "mean": 0.13867411666666665,
      "std": 0.004166973726741696
    }
  },
  "config5_cos0.20_tau0.5_beta1e-3_eta0.005_bs64_lambda323": {
    "reward_mean": {
      "mean": 12.201693003333332,
      "std": 0.2586860555747672
    },
    "reward_std": {
      "mean": 0.8370734292843248,
      "std": 0.04313407040618077
    },
    "reward_cv": {
      "mean": 0.06870840763399466,
      "std": 0.0050080898049012865
    },
    "w_cos": {
      "mean": 0.20000000000000004,
      "std": 2.7755575615628914e-17
    },
    "w_fresh": {
      "mean": 0.0,
      "std": 0.0
    },
    "w_lr": {
      "mean": 0.16566807,
      "std": 0.008642123626485948
    },
    "w_ctr": {
      "mean": 0.19277763333333334,
      "std": 0.0035508989075287638
    },
    "w_awt": {
      "mean": 0.23521764999999997,
      "std": 0.0032593428788433194
    },
    "w_social": {
      "mean": 0.20633666333333334,
      "std": 0.003463151306294444
    },
    "global_ctr": {
      "mean": 0.15873789666666668,
      "std": 0.0005988488501746978
    },
    "global_lr": {
      "mean": 0.10573791666666667,
      "std": 0.0025222269938863285
    },
    "global_awt": {
      "mean": 0.13476565666666665,
      "std": 0.00567346421355497
    }
  }
}