{
  "freeze_cos_0.10": {
    "last100_reward": {
      "mean": 9.777485736,
      "std": 0.5153761617384218
    },
    "w_cos": {
      "mean": 0.1,
      "std": 0.0
    },
    "w_fresh": {
      "mean": 0.0,
      "std": 0.0
    },
    "w_lr": {
      "mean": 0.16647057,
      "std": 0.015771336588232463
    },
    "w_ctr": {
      "mean": 0.196905902,
      "std": 0.0072139723990971875
    },
    "w_awt": {
      "mean": 0.293719812,
      "std": 0.012212547600382814
    },
    "w_social": {
      "mean": 0.24290371400000002,
      "std": 0.005128186545318334
    }
  },
  "freeze_cos_0.15": {
    "last100_reward": {
      "mean": 9.947580266,
      "std": 0.7274392463242715
    },
    "w_cos": {
      "mean": 0.15,
      "std": 0.0
    },
    "w_fresh": {
      "mean": 0.0,
      "std": 0.0
    },
    "w_lr": {
      "mean": 0.147038842,
      "std": 0.006000486739455061
    },
    "w_ctr": {
      "mean": 0.18249547,
      "std": 0.004905465539391741
    },
    "w_awt": {
      "mean": 0.290821064,
      "std": 0.004982360816125622
    },
    "w_social": {
      "mean": 0.229644672,
      "std": 0.004684787753149126
    }
  },
  "freeze_cos_0.20": {
    "last100_reward": {
      "mean": 10.11459288,
      "std": 0.395585975072666
    },
    "w_cos": {
      "mean": 0.2,
      "std": 0.0
    },
    "w_fresh": {
      "mean": 0.0,
      "std": 0.0
    },
    "w_lr": {
      "mean": 0.136613718,
      "std": 0.014774101564779357
    },
    "w_ctr": {
      "mean": 0.16961512799999998,
      "std": 0.004299884650436105
    },
    "w_awt": {
      "mean": 0.276155404,
      "std": 0.011253558127142908
    },
    "w_social": {
      "mean": 0.21761573799999998,
      "std": 0.0049634843428358
    }
  }
}