{
  "balanced_reward": {
    "last100_reward": {
      "mean": 9.43464284,
      "std": 0.691443856772917
    },
    "w_cos": {
      "mean": 0.0,
      "std": 0.0
    },
    "w_fresh": {
      "mean": 0.0,
      "std": 0.0
    },
    "w_lr": {
      "mean": 0.14940703333333333,
      "std": 0.02670574044532291
    },
    "w_ctr": {
      "mean": 0.18769099999999997,
      "std": 0.0040685154782877046
    },
    "w_awt": {
      "mean": 0.38984942,
      "std": 0.021201737222364573
    },
    "w_social": {
      "mean": 0.27305257666666666,
      "std": 0.0019985183233307917
    }
  },
  "less_deep_reward": {
    "last100_reward": {
      "mean": 5.274826493333333,
      "std": 0.345402756861213
    },
    "w_cos": {
      "mean": 0.0,
      "std": 0.0
    },
    "w_fresh": {
      "mean": 0.0,
      "std": 0.0
    },
    "w_lr": {
      "mean": 0.19458265666666663,
      "std": 0.01499203080051606
    },
    "w_ctr": {
      "mean": 0.2135011,
      "std": 0.0018479753148964524
    },
    "w_awt": {
      "mean": 0.32765198333333334,
      "std": 0.012561822829089015
    },
    "w_social": {
      "mean": 0.2642642966666667,
      "std": 0.0013843413568031292
    }
  },
  "balanced_reward_no_norm": {
    "last100_reward": {
      "mean": 8.950709116666667,
      "std": 0.05240987366653591
    },
    "w_cos": {
      "mean": 0.0,
      "std": 0.0
    },
    "w_fresh": {
      "mean": 0.012263743333333334,
      "std": 0.017343552147462627
    },
    "w_lr": {
      "mean": 0.0,
      "std": 0.0
    },
    "w_ctr": {
      "mean": 0.0,
      "std": 0.0
    },
    "w_awt": {
      "mean": 0.56826442,
      "std": 0.013834920925125232
    },
    "w_social": {
      "mean": 0.41947184,
      "std": 0.005103039498109596
    }
  },
  "tau_0.5_norm": {
    "last100_reward": {
      "mean": 10.075908423333333,
      "std": 0.8570570083462896
    },
    "w_cos": {
      "mean": 0.0,
      "std": 0.0
    },
    "w_fresh": {
      "mean": 0.0,
      "std": 0.0
    },
    "w_lr": {
      "mean": 0.19025844333333333,
      "std": 0.013619034919448424
    },
    "w_ctr": {
      "mean": 0.21388737,
      "std": 0.0005552309931911231
    },
    "w_awt": {
      "mean": 0.33210829666666664,
      "std": 0.010634812798271932
    },
    "w_social": {
      "mean": 0.2637458533333333,
      "std": 0.0027431833107460376
    }
  },
  "tau_0.5_beta_1e-3_norm": {
    "last100_reward": {
      "mean": 10.083432883333334,
      "std": 0.7282072657024733
    },
    "w_cos": {
      "mean": 0.0,
      "std": 0.0
    },
    "w_fresh": {
      "mean": 0.0,
      "std": 0.0
    },
    "w_lr": {
      "mean": 0.19019296,
      "std": 0.013852350866354784
    },
    "w_ctr": {
      "mean": 0.21457394333333335,
      "std": 0.0013583580837745058
    },
    "w_awt": {
      "mean": 0.3310608566666667,
      "std": 0.010542699035510573
    },
    "w_social": {
      "mean": 0.2641722266666667,
      "std": 0.0022788040854262908
    }
  }
}